{"cameraMode":{"drawMode":0,"name":"Shaded","section":"Shading Mode"},"sceneLighting":false,"audioPlay":false,"sceneViewState":{"m_AlwaysRefresh":false,"showFog":true,"showSkybox":false,"showFlares":true,"showImageEffects":true,"showParticleSystems":true,"showVisualEffectGraphs":true,"m_FxEnabled":true},"in2DMode":false,"pivot":{"x":-6.877999782562256,"y":0.30000001192092898,"z":-0.32499998807907107},"rotation":{"x":0.002049533184617758,"y":-0.8998494744300842,"z":0.4363541305065155,"w":0.004331146366894245},"size":0.8660253882408142,"orthographic":false}