{"cameraMode":{"drawMode":0,"name":"Shaded","section":"Shading Mode"},"sceneLighting":false,"audioPlay":false,"sceneViewState":{"m_AlwaysRefresh":false,"showFog":true,"showSkybox":true,"showFlares":true,"showImageEffects":true,"showParticleSystems":true,"showVisualEffectGraphs":true,"m_FxEnabled":true},"in2DMode":false,"pivot":{"x":331.9664611816406,"y":257.1675109863281,"z":3.2808868885040285},"rotation":{"x":0.16990432143211366,"y":0.05762514844536781,"z":-0.009882251732051373,"w":0.9838087558746338},"size":273.8633117675781,"orthographic":false}